angle,k,signal,bad_tail,threshold,n_pairs,high_delta_count,high_delta_rate_all,flagged_pair_ratio,retained_pair_ratio,captured_high_delta_ratio,high_delta_rate_retained,high_delta_rate_flagged,precision_lift
LeftElbow,1,detect_conf_min,low,0.1,2582,161,0.06235476374903176,0.006584043377226956,0.993415956622773,0.0,0.06276803118908382,0.0,0.0
LeftElbow,6,detect_conf_min,low,0.1,2542,479,0.1884343036978757,0.006294256490952006,0.993705743509048,0.006263048016701462,0.18844022169437846,0.1875,0.9950417536534446
LeftElbow,1,detect_conf_min,low,0.2,2582,161,0.06235476374903176,0.026336173508907823,0.9736638264910922,0.018633540372670808,0.06284805091487669,0.04411764705882353,0.7075264888564121
LeftElbow,6,detect_conf_min,low,0.2,2542,479,0.1884343036978757,0.02832415420928403,0.971675845790716,0.031315240083507306,0.18785425101214576,0.20833333333333334,1.1056019485038273
LeftElbow,1,detect_conf_min,low,0.3,2582,161,0.06235476374903176,0.07552285050348567,0.9244771494965144,0.08074534161490683,0.062002513615416845,0.06666666666666667,1.0691511387163561
LeftElbow,6,detect_conf_min,low,0.3,2542,479,0.1884343036978757,0.08536585365853659,0.9146341463414634,0.09394572025052192,0.18666666666666668,0.2073732718894009,1.100507008648971
LeftElbow,1,detect_conf_min,low,0.4,2582,161,0.06235476374903176,0.13903950426026337,0.8609604957397367,0.18633540372670807,0.058929374718848404,0.08356545961002786,1.3401615944912542
LeftElbow,6,detect_conf_min,low,0.4,2542,479,0.1884343036978757,0.16011014948859165,0.8398898505114083,0.23173277661795408,0.17236533957845435,0.2727272727272727,1.4473334598595557
LeftElbow,1,detect_conf_min,low,0.5,2582,161,0.06235476374903176,0.19054996127033308,0.8094500387296669,0.2732919254658385,0.05598086124401914,0.08943089430894309,1.434227137302429
LeftElbow,6,detect_conf_min,low,0.5,2542,479,0.1884343036978757,0.22069236821400473,0.7793076317859953,0.31106471816283926,0.16658253407370016,0.26559714795008915,1.4094946765952538
LeftElbow,1,detect_conf_min,low,0.6,2582,161,0.06235476374903176,0.24322230828814873,0.7567776917118513,0.391304347826087,0.05015353121801433,0.10031847133757962,1.6088341179728607
LeftElbow,6,detect_conf_min,low,0.6,2542,479,0.1884343036978757,0.27576711250983477,0.7242328874901652,0.3966597077244259,0.15697990222705052,0.2710413694721826,1.4383865578252362
LeftElbow,1,pair_conf_min,low,0.1,2582,161,0.06235476374903176,0.011618900077459334,0.9883810999225406,0.0,0.06308777429467084,0.0,0.0
LeftElbow,6,pair_conf_min,low,0.1,2542,479,0.1884343036978757,0.013768686073957514,0.9862313139260425,0.010438413361169102,0.18907060231352213,0.14285714285714285,0.7581270504026244
LeftElbow,1,pair_conf_min,low,0.2,2582,161,0.06235476374903176,0.08326878388845856,0.9167312161115414,0.031055900621118012,0.06590621039290241,0.023255813953488372,0.37295969955221725
LeftElbow,6,pair_conf_min,low,0.2,2542,479,0.1884343036978757,0.0983477576711251,0.9016522423288749,0.1022964509394572,0.18760907504363003,0.196,1.0401503131524008
LeftElbow,1,pair_conf_min,low,0.3,2582,161,0.06235476374903176,0.15995352439969016,0.8400464756003099,0.16770186335403728,0.06177962194559705,0.06537530266343826,1.0484411892981216
LeftElbow,6,pair_conf_min,low,0.3,2542,479,0.1884343036978757,0.1809598741148702,0.8190401258851299,0.2609603340292276,0.17002881844380405,0.2717391304347826,1.4420894980484704
LeftElbow,1,pair_conf_min,low,0.4,2582,161,0.06235476374903176,0.2532920216886135,0.7467079783113865,0.453416149068323,0.04564315352697095,0.11162079510703364,1.7900925028966512
LeftElbow,6,pair_conf_min,low,0.4,2542,479,0.1884343036978757,0.27340676632572775,0.7265932336742722,0.4091858037578288,0.15322144017325393,0.2820143884892086,1.496619155614965
LeftElbow,1,pair_conf_min,low,0.5,2582,161,0.06235476374903176,0.33346243222308286,0.6665375677769171,0.5652173913043478,0.04067402672864614,0.10569105691056911,1.6949957077210525
LeftElbow,6,pair_conf_min,low,0.5,2542,479,0.1884343036978757,0.3662470495672699,0.6337529504327302,0.5615866388308977,0.1303538175046555,0.2889366272824919,1.5333547109647065
LeftElbow,1,pair_conf_min,low,0.6,2582,161,0.06235476374903176,0.4136328427575523,0.5863671572424477,0.6459627329192547,0.037648612945838836,0.09737827715355805,1.5616814385744526
LeftElbow,6,pair_conf_min,low,0.6,2542,479,0.1884343036978757,0.4394177812745869,0.560582218725413,0.6492693110647182,0.11789473684210526,0.2784243509400179,1.4775672235689465
LeftElbow,1,stereo_quality_min,low,0.05,2582,161,0.06235476374903176,0.06932610379550735,0.9306738962044926,0.11180124223602485,0.059508947149396585,0.1005586592178771,1.6126860751587495
LeftElbow,6,stereo_quality_min,low,0.05,2542,479,0.1884343036978757,0.08103855232100708,0.9189614476789929,0.12943632567849686,0.17851027397260275,0.30097087378640774,1.597219125605529
LeftElbow,1,stereo_quality_min,low,0.1,2582,161,0.06235476374903176,0.1123160340821069,0.8876839659178931,0.15527950310559005,0.059336823734729496,0.08620689655172414,1.3825230242021846
LeftElbow,6,stereo_quality_min,low,0.1,2542,479,0.1884343036978757,0.12863886703383162,0.8713611329661684,0.18997912317327767,0.17516930022573363,0.2782874617737003,1.4768407679096995
LeftElbow,1,stereo_quality_min,low,0.2,2582,161,0.06235476374903176,0.2308288148721921,0.7691711851278079,0.4161490683229814,0.0473313192346425,0.11241610738255034,1.802847138271708
LeftElbow,6,stereo_quality_min,low,0.2,2542,479,0.1884343036978757,0.25609756097560976,0.7439024390243902,0.3945720250521921,0.15335801163405605,0.2903225806451613,1.5407098121085596
LeftElbow,1,stereo_quality_min,low,0.3,2582,161,0.06235476374903176,0.3164213787761425,0.6835786212238575,0.4968944099378882,0.04589235127478754,0.09791921664626684,1.5703566296935463
LeftElbow,6,stereo_quality_min,low,0.3,2542,479,0.1884343036978757,0.35051140833988986,0.6494885916601102,0.5219206680584552,0.1387038158691702,0.28058361391694725,1.489026193271148
LeftElbow,1,stereo_quality_min,low,0.4,2582,161,0.06235476374903176,0.40007745933384975,0.5999225406661503,0.6770186335403726,0.03357004519044545,0.10551790900290416,1.6922188884813574
LeftElbow,6,stereo_quality_min,low,0.4,2542,479,0.1884343036978757,0.43194335169158143,0.5680566483084186,0.6346555323590815,0.12119113573407202,0.2768670309653916,1.469302698776671
LeftElbow,1,stereo_quality_min,low,0.5,2582,161,0.06235476374903176,0.5189775367931836,0.4810224632068164,0.7763975155279503,0.028985507246376812,0.09328358208955224,1.496013720218782
LeftElbow,6,stereo_quality_min,low,0.5,2542,479,0.1884343036978757,0.5554681353265145,0.44453186467348543,0.7411273486430062,0.10973451327433628,0.2514164305949009,1.3342391786476784
LeftElbow,1,epipolar_error_max,high,3.0,2582,161,0.06235476374903176,0.5178156467854377,0.4821843532145624,0.7391304347826086,0.033734939759036145,0.08900523560209424,1.4274007349354492
LeftElbow,6,epipolar_error_max,high,3.0,2542,479,0.1884343036978757,0.5558615263571991,0.44413847364280096,0.6868475991649269,0.1328609388839681,0.23283793347487616,1.2356451500900525
LeftElbow,1,epipolar_error_max,high,6.0,2582,161,0.06235476374903176,0.308288148721921,0.691711851278079,0.5714285714285714,0.03863381858902576,0.11557788944723618,1.8535534816941852
LeftElbow,6,epipolar_error_max,high,6.0,2542,479,0.1884343036978757,0.33084185680566486,0.6691581431943352,0.5093945720250522,0.13815402704291593,0.2901307966706302,1.539692035776079
LeftElbow,1,epipolar_error_max,high,10.0,2582,161,0.06235476374903176,0.20797831138652206,0.7920216886134779,0.40372670807453415,0.0469437652811736,0.12104283054003724,1.941196201579976
LeftElbow,6,epipolar_error_max,high,10.0,2542,479,0.1884343036978757,0.23210070810385522,0.7678992918961448,0.36325678496868474,0.15625,0.29491525423728815,1.5650826226955876
LeftElbow,1,epipolar_error_max,high,15.0,2582,161,0.06235476374903176,0.1409759876065066,0.8590240123934935,0.2546583850931677,0.05410279531109107,0.11263736263736264,1.8063954678861511
LeftElbow,6,epipolar_error_max,high,15.0,2542,479,0.1884343036978757,0.15892997639653816,0.8410700236034618,0.26931106471816285,0.1637043966323667,0.3193069306930693,1.694526550776163
LeftElbow,1,epipolar_error_max,high,20.0,2582,161,0.06235476374903176,0.10689388071262587,0.8931061192873742,0.18012422360248448,0.05724197745013009,0.10507246376811594,1.6850751642812132
LeftElbow,6,epipolar_error_max,high,20.0,2542,479,0.1884343036978757,0.12037765538945712,0.8796223446105429,0.2045929018789144,0.17039355992844366,0.3202614379084967,1.699592014954903
LeftElbow,1,epipolar_error_max,high,30.0,2582,161,0.06235476374903176,0.07358636715724244,0.9264136328427576,0.11801242236024845,0.05936454849498328,0.1,1.603726708074534
LeftElbow,6,epipolar_error_max,high,30.0,2542,479,0.1884343036978757,0.08457907159716758,0.9154209284028324,0.13778705636743216,0.17748173614095403,0.30697674418604654,1.6290916152837793
LeftElbow,1,reprojection_error_max,high,10.0,2582,161,0.06235476374903176,0.04686289697908598,0.953137103020914,0.11801242236024845,0.05770012190166599,0.15702479338842976,2.5182485498691034
LeftElbow,6,reprojection_error_max,high,10.0,2542,479,0.1884343036978757,0.04956726986624705,0.950432730133753,0.10020876826722339,0.17839403973509935,0.38095238095238093,2.0216721344069986
LeftElbow,1,reprojection_error_max,high,20.0,2582,161,0.06235476374903176,0.020139426800929512,0.9798605731990705,0.062111801242236024,0.059683794466403164,0.19230769230769232,3.0840898232202583
LeftElbow,6,reprojection_error_max,high,20.0,2542,479,0.1884343036978757,0.022423288749016522,0.9775767112509834,0.037578288100208766,0.18551307847082496,0.3157894736842105,1.675859795626854
LeftElbow,1,reprojection_error_max,high,30.0,2582,161,0.06235476374903176,0.0,1.0,0.0,0.06235476374903176,nan,nan
LeftElbow,6,reprojection_error_max,high,30.0,2542,479,0.1884343036978757,0.0,1.0,0.0,0.1884343036978757,nan,nan
LeftElbow,1,reprojection_error_max,high,40.0,2582,161,0.06235476374903176,0.0,1.0,0.0,0.06235476374903176,nan,nan
LeftElbow,6,reprojection_error_max,high,40.0,2542,479,0.1884343036978757,0.0,1.0,0.0,0.1884343036978757,nan,nan
LeftElbow,1,reprojection_error_max,high,60.0,2582,161,0.06235476374903176,0.0,1.0,0.0,0.06235476374903176,nan,nan
LeftElbow,6,reprojection_error_max,high,60.0,2542,479,0.1884343036978757,0.0,1.0,0.0,0.1884343036978757,nan,nan
LeftElbow,1,reprojection_error_max,high,80.0,2582,161,0.06235476374903176,0.0,1.0,0.0,0.06235476374903176,nan,nan
LeftElbow,6,reprojection_error_max,high,80.0,2542,479,0.1884343036978757,0.0,1.0,0.0,0.1884343036978757,nan,nan
RightElbow,1,detect_conf_min,low,0.1,2609,141,0.0540436949022614,0.004982752012265236,0.9950172479877347,0.0,0.05431432973805855,0.0,0.0
RightElbow,6,detect_conf_min,low,0.1,2571,512,0.19914430182808246,0.003500583430571762,0.9964994165694282,0.0078125,0.19828259172521467,0.4444444444444444,2.231770833333333
RightElbow,1,detect_conf_min,low,0.2,2609,141,0.0540436949022614,0.012265235722499043,0.987734764277501,0.0,0.05471478463329453,0.0,0.0
RightElbow,6,detect_conf_min,low,0.2,2571,512,0.19914430182808246,0.012835472578763127,0.9871645274212368,0.017578125,0.19818754925137905,0.2727272727272727,1.3694957386363635
RightElbow,1,detect_conf_min,low,0.3,2609,141,0.0540436949022614,0.02108087389804523,0.9789191261019548,0.014184397163120567,0.05442443226311668,0.03636363636363636,0.672856221792392
RightElbow,6,detect_conf_min,low,0.3,2571,512,0.19914430182808246,0.023337222870478413,0.9766627771295215,0.03125,0.19753086419753085,0.26666666666666666,1.3390625
RightElbow,1,detect_conf_min,low,0.4,2609,141,0.0540436949022614,0.03794557301648141,0.9620544269835186,0.04964539007092199,0.05338645418326693,0.0707070707070707,1.3083315423740955
RightElbow,6,detect_conf_min,low,0.4,2571,512,0.19914430182808246,0.04161804745235317,0.9583819525476468,0.060546875,0.19521103896103897,0.2897196261682243,1.4548225759345794
RightElbow,1,detect_conf_min,low,0.5,2609,141,0.0540436949022614,0.07205825986968187,0.9279417401303182,0.0851063829787234,0.05328376703841388,0.06382978723404255,1.1810774105930284
RightElbow,6,detect_conf_min,low,0.5,2571,512,0.19914430182808246,0.08556981719175417,0.9144301828082458,0.13671875,0.18800510421097405,0.3181818181818182,1.5977450284090908
RightElbow,1,detect_conf_min,low,0.6,2609,141,0.0540436949022614,0.1161364507474128,0.8838635492525871,0.19858156028368795,0.049002601908065914,0.0924092409240924,1.709898649439412
RightElbow,6,detect_conf_min,low,0.6,2571,512,0.19914430182808246,0.1423570595099183,0.8576429404900817,0.255859375,0.1727891156462585,0.35792349726775957,1.7973072489754098
RightElbow,1,pair_conf_min,low,0.1,2609,141,0.0540436949022614,0.0022997316979685703,0.9977002683020314,0.0,0.05416826738378794,0.0,0.0
RightElbow,6,pair_conf_min,low,0.1,2571,512,0.19914430182808246,0.0019447685725398677,0.9980552314274601,0.0,0.1995323460639127,0.0,0.0
RightElbow,1,pair_conf_min,low,0.2,2609,141,0.0540436949022614,0.017247987734764277,0.9827520122652357,0.0070921985815602835,0.054602184087363496,0.022222222222222223,0.41118991331757293
RightElbow,6,pair_conf_min,low,0.2,2571,512,0.19914430182808246,0.018280824581874758,0.9817191754181253,0.01953125,0.1988906497622821,0.2127659574468085,1.0684009308510638
RightElbow,1,pair_conf_min,low,0.3,2609,141,0.0540436949022614,0.04906094288999617,0.9509390571100038,0.0851063829787234,0.05199516324062878,0.09375,1.7347074468085106
RightElbow,6,pair_conf_min,low,0.3,2571,512,0.19914430182808246,0.056398288603656165,0.9436017113963439,0.083984375,0.19332234130255566,0.296551724137931,1.489129849137931
RightElbow,1,pair_conf_min,low,0.4,2609,141,0.0540436949022614,0.12188577999233423,0.8781142200076658,0.23404255319148937,0.04714098646879092,0.10377358490566038,1.9201793121905528
RightElbow,6,pair_conf_min,low,0.4,2571,512,0.19914430182808246,0.13730066122131465,0.8626993387786853,0.228515625,0.17808836789900812,0.3314447592067989,1.664344679532578
RightElbow,1,pair_conf_min,low,0.5,2609,141,0.0540436949022614,0.23572249904177847,0.7642775009582216,0.48936170212765956,0.03610832497492478,0.11219512195121951,2.0760076111399415
RightElbow,6,pair_conf_min,low,0.5,2571,512,0.19914430182808246,0.2637106184364061,0.7362893815635939,0.451171875,0.14844162704701533,0.3407079646017699,1.7108597206858405
RightElbow,1,pair_conf_min,low,0.6,2609,141,0.0540436949022614,0.3112303564584132,0.6887696435415868,0.6595744680851063,0.02671118530884808,0.1145320197044335,2.1192485064458655
RightElbow,6,pair_conf_min,low,0.6,2571,512,0.19914430182808246,0.3453908984830805,0.6546091015169195,0.54296875,0.13903743315508021,0.3130630630630631,1.572041279560811
RightElbow,1,stereo_quality_min,low,0.05,2609,141,0.0540436949022614,0.051360674587964734,0.9486393254120352,0.14184397163120568,0.04888888888888889,0.14925373134328357,2.7617232984016087
RightElbow,6,stereo_quality_min,low,0.05,2571,512,0.19914430182808246,0.06417736289381563,0.9358226371061844,0.123046875,0.18661679135494597,0.38181818181818183,1.9172940340909093
RightElbow,1,stereo_quality_min,low,0.1,2609,141,0.0540436949022614,0.08892295898811806,0.9110770410118819,0.19858156028368795,0.04753891459823307,0.1206896551724138,2.2331865981902665
RightElbow,6,stereo_quality_min,low,0.1,2571,512,0.19914430182808246,0.10579541034616881,0.8942045896538312,0.197265625,0.17877337973031754,0.3713235294117647,1.8645953010110294
RightElbow,1,stereo_quality_min,low,0.2,2609,141,0.0540436949022614,0.1625143733231123,0.8374856266768878,0.3475177304964539,0.042105263157894736,0.11556603773584906,2.138381506757661
RightElbow,6,stereo_quality_min,low,0.2,2571,512,0.19914430182808246,0.19136522753792298,0.808634772462077,0.33984375,0.16257816257816257,0.35365853658536583,1.7758908155487805
RightElbow,1,stereo_quality_min,low,0.3,2609,141,0.0540436949022614,0.24338827136834035,0.7566117286316596,0.49645390070921985,0.03596757852077001,0.11023622047244094,2.039760987323393
RightElbow,6,stereo_quality_min,low,0.3,2571,512,0.19914430182808246,0.27693504472967717,0.7230649552703229,0.455078125,0.150080688542227,0.32724719101123595,1.6432666564255618
RightElbow,1,stereo_quality_min,low,0.4,2609,141,0.0540436949022614,0.3334610962054427,0.6665389037945573,0.5957446808510638,0.0327774583093732,0.09655172413793103,1.7865492785522132
RightElbow,6,stereo_quality_min,low,0.4,2571,512,0.19914430182808246,0.3730066122131466,0.6269933877868533,0.5703125,0.13647642679900746,0.3044838373305527,1.528960831595412
RightElbow,1,stereo_quality_min,low,0.5,2609,141,0.0540436949022614,0.48486009965504023,0.5151399003449597,0.7659574468085106,0.024553571428571428,0.08537549407114625,1.5797493902951814
RightElbow,6,stereo_quality_min,low,0.5,2571,512,0.19914430182808246,0.5363671723064956,0.46363282769350445,0.736328125,0.11325503355704698,0.27338651196519215,1.372806098168963
RightElbow,1,epipolar_error_max,high,3.0,2609,141,0.0540436949022614,0.5285550019164431,0.47144499808355694,0.7659574468085106,0.026829268292682926,0.07831762146482958,1.4491537191612793
RightElbow,6,epipolar_error_max,high,3.0,2571,512,0.19914430182808246,0.5865422014780242,0.4134577985219759,0.7578125,0.11665098777046096,0.2572944297082228,1.2919999585543767
RightElbow,1,epipolar_error_max,high,6.0,2609,141,0.0540436949022614,0.3047144499808356,0.6952855500191645,0.5602836879432624,0.034178610804851156,0.09937106918238994,1.8387171595521659
RightElbow,6,epipolar_error_max,high,6.0,2571,512,0.19914430182808246,0.34461299105406457,0.6553870089459354,0.548828125,0.1370919881305638,0.31715575620767494,1.5925926742381489
RightElbow,1,epipolar_error_max,high,10.0,2609,141,0.0540436949022614,0.18934457646607897,0.8106554235339211,0.41134751773049644,0.039243498817966904,0.11740890688259109,2.172481120969363
RightElbow,6,epipolar_error_max,high,10.0,2571,512,0.19914430182808246,0.22287047841306884,0.7771295215869312,0.384765625,0.15765765765765766,0.343804537521815,1.7264091132198953
RightElbow,1,epipolar_error_max,high,15.0,2609,141,0.0540436949022614,0.1310847067842085,0.8689152932157915,0.2907801418439716,0.044111160123511246,0.11988304093567251,2.21826137447638
RightElbow,6,epipolar_error_max,high,15.0,2571,512,0.19914430182808246,0.15674834694671333,0.8432516530532866,0.2890625,0.16789667896678967,0.36724565756823824,1.8441183312655087
RightElbow,1,epipolar_error_max,high,20.0,2609,141,0.0540436949022614,0.09697201993100805,0.903027980068992,0.2198581560283688,0.0466893039049236,0.1225296442687747,2.2672329212569733
RightElbow,6,epipolar_error_max,high,20.0,2571,512,0.19914430182808246,0.11629716063788409,0.8837028393621159,0.2109375,0.17781690140845072,0.3612040133779264,1.8137803093645484
RightElbow,1,epipolar_error_max,high,30.0,2609,141,0.0540436949022614,0.05787658106554235,0.9421234189344576,0.1702127659574468,0.04759967453213995,0.15894039735099338,2.9409609694237004
RightElbow,6,epipolar_error_max,high,30.0,2571,512,0.19914430182808246,0.07117852975495916,0.9288214702450408,0.138671875,0.18467336683417085,0.3879781420765027,1.9482261782786885
RightElbow,1,reprojection_error_max,high,10.0,2609,141,0.0540436949022614,0.07627443464929091,0.923725565350709,0.1773049645390071,0.048132780082987554,0.12562814070351758,2.324566092875726
RightElbow,6,reprojection_error_max,high,10.0,2571,512,0.19914430182808246,0.08673667833527811,0.9132633216647219,0.158203125,0.18356047700170358,0.3632286995515695,1.8239472393497758
RightElbow,1,reprojection_error_max,high,20.0,2609,141,0.0540436949022614,0.02491376006132618,0.9750862399386738,0.07801418439716312,0.05110062893081761,0.16923076923076924,3.1313693398799787
RightElbow,6,reprojection_error_max,high,20.0,2571,512,0.19914430182808246,0.027226760015558148,0.9727732399844419,0.056640625,0.19312275089964015,0.4142857142857143,2.080329241071429
RightElbow,1,reprojection_error_max,high,30.0,2609,141,0.0540436949022614,0.0,1.0,0.0,0.0540436949022614,nan,nan
RightElbow,6,reprojection_error_max,high,30.0,2571,512,0.19914430182808246,0.0,1.0,0.0,0.19914430182808246,nan,nan
RightElbow,1,reprojection_error_max,high,40.0,2609,141,0.0540436949022614,0.0,1.0,0.0,0.0540436949022614,nan,nan
RightElbow,6,reprojection_error_max,high,40.0,2571,512,0.19914430182808246,0.0,1.0,0.0,0.19914430182808246,nan,nan
RightElbow,1,reprojection_error_max,high,60.0,2609,141,0.0540436949022614,0.0,1.0,0.0,0.0540436949022614,nan,nan
RightElbow,6,reprojection_error_max,high,60.0,2571,512,0.19914430182808246,0.0,1.0,0.0,0.19914430182808246,nan,nan
RightElbow,1,reprojection_error_max,high,80.0,2609,141,0.0540436949022614,0.0,1.0,0.0,0.0540436949022614,nan,nan
RightElbow,6,reprojection_error_max,high,80.0,2571,512,0.19914430182808246,0.0,1.0,0.0,0.19914430182808246,nan,nan
